Period,IDPROV,Province,Xcoord,Ycoord,IDDISTRICT,District,Event,Casualties,Injured,Missing,Affected,Displaced,House_HD,House_MD,House_SD,Flooded
September 2018,35,JAWA TIMUR,112.59767,-7.94595,3503,TRENGGALEK,Landslide,,1,,,,,,,
September 2018,33,JAWA TENGAH,110.20062,-7.25939,3320,JEPARA,Whirlwind,,,,,,4,,11,
September 2018,15,JAMBI,102.71981,-1.69842,1502,MERANGIN,Landslide,,,7,,,,,,
September 2018,32,JAWA BARAT,107.6028,-6.91998,3201,BOGOR,Whirlwind,,,,10,,,2,2,
September 2018,15,JAMBI,102.71981,-1.69842,1501,KERINCI,Whirlwind,,,,,,,,14,
September 2018,33,JAWA TENGAH,110.20062,-7.25939,3312,WONOGIRI,Whirlwind,,,,,,1,,,
September 2018,12,SUMATERA UTARA,99.05314,2.19191,1212,DELI SERDANG,Whirlwind,,,,,,3,9,16,
September 2018,35,JAWA TIMUR,112.59767,-7.94595,3522,BOJONEGORO,Landslide,1,,,,,,,,
September 2018,13,SUMATERA BARAT,100.4671,-0.85066,1303,SOLOK,Flood,1,3,,3237,9,1,,14,559
September 2018,32,JAWA BARAT,107.6028,-6.91998,3206,TASIKMALAYA,Landslide,,,,,,2,,,
September 2018,13,SUMATERA BARAT,100.4671,-0.85066,1301,KEPULAUAN MENTAWAI,Flood,,,,,,,,,
September 2018,14,RIAU,101.80779,0.51272,1403,INDRAGIRI HILIR,Whirlwind,,,,289,,20,,48,
September 2018,32,JAWA BARAT,107.6028,-6.91998,3271,KOTA BOGOR,Landslide,,,,5,,,1,,
September 2018,11,ACEH,96.91028,4.2251,1103,ACEH SELATAN,Flood,,,,180,,,,,35
September 2018,11,ACEH,96.91028,4.2251,1112,ACEH BARAT DAYA,Flood,,,,20,,,,2,
September 2018,11,ACEH,96.91028,4.2251,1107,ACEH BARAT,Flood,,,,,,,,2,
September 2018,11,ACEH,96.91028,4.2251,1103,ACEH SELATAN,Flood,,,,180,,,,,35
September 2018,53,NUSA TENGGARA TIMUR,121.98602,-8.64997,5303,KUPANG,Whirlwind,,,,15,,3,,,
September 2018,73,SULAWESI SELATAN,119.96738,-4.7654,7310,BARRU,Whirlwind,,,,135,,,,27,
September 2018,13,SUMATERA BARAT,100.4671,-0.85066,1306,PADANG PARIAMAN,Whirlwind,,,,,,,1,,
September 2018,61,KALIMANTAN BARAT,111.12557,-0.08443,6103,LANDAK,Flood,,,,71,,,,,19
September 2018,35,JAWA TIMUR,112.59767,-7.94595,3512,SITUBONDO,Whirlwind,,,,9,,2,,1,
September 2018,35,JAWA TIMUR,112.59767,-7.94595,3512,SITUBONDO,Whirlwind,,,,3,,,,1,
September 2018,52,NUSA TENGGARA BARAT,117.50748,-8.60668,5208,LOMBOK UTARA,Whirlwind,,1,,,,,,,
September 2018,11,ACEH,96.91028,4.2251,1109,PIDIE,Whirlwind,,,,,,4,,23,
September 2018,12,SUMATERA UTARA,99.05314,2.19191,1208,ASAHAN,Flood,,,,,,,,,205
September 2018,12,SUMATERA UTARA,99.05314,2.19191,1213,LANGKAT,Flood,,,,4943,,,,,1054
September 2018,12,SUMATERA UTARA,99.05314,2.19191,1275,KOTA MEDAN,Flood,,,,11090,,,,,842
September 2018,12,SUMATERA UTARA,99.05314,2.19191,1276,KOTA BINJAI,Flood,,,,4195,,,,,
September 2018,13,SUMATERA BARAT,100.4671,-0.85066,1312,PASAMAN BARAT,Flood,,,,,,,,,10
September 2018,11,ACEH,96.91028,4.2251,1114,ACEH TAMIANG,Flood,,,,850,,,,,
September 2018,12,SUMATERA UTARA,99.05314,2.19191,1274,KOTA TEBING TINGGI,Flood,,,,,,,,,1745
September 2018,64,KALIMANTAN TIMUR,116.4743,0.46538,6403,KUTAI KERTANEGARA,Whirlwind,,1,,,,2,,,
September 2018,61,KALIMANTAN BARAT,111.12557,-0.08443,6103,LANDAK,Whirlwind,,,,130,,5,21,,
September 2018,36,BANTEN,106.10883,-6.45625,3604,SERANG,Whirlwind,,,,,,1,,,
September 2018,33,JAWA TENGAH,110.20062,-7.25939,3301,CILACAP,Whirlwind,,,,,,1,,,
September 2018,63,KALIMANTAN SELATAN,115.44063,-3.01217,6303,BANJAR,Landslide,,,,8,,,2,,
September 2018,73,SULAWESI SELATAN,119.96738,-4.7654,7306,GOWA,Whirlwind,,,,,,,7,,
September 2018,35,JAWA TIMUR,112.59767,-7.94595,3521,NGAWI,Landslide,,,,,,,,,
September 2018,73,SULAWESI SELATAN,119.96738,-4.7654,7318,TANA TORAJA,Landslide,,,,,,,,5,
September 2018,32,JAWA BARAT,107.6028,-6.91998,3271,KOTA BOGOR,Landslide,,,,5,,,1,,
September 2018,21,KEPULAUAN RIAU,104.49169,1.02469,1473,KOTA DUMAI,Whirlwind,,,,,,2,,,
September 2018,12,SUMATERA UTARA,99.05314,2.19191,1209,SIMALUNGUN,Whirlwind,,,,,,5,,6,
September 2018,33,JAWA TENGAH,110.20062,-7.25939,3304,BANJARNEGARA,Whirlwind,,,,,,,6,1,
September 2018,11,ACEH,96.91028,4.2251,1115,NAGAN RAYA,Whirlwind,,,,,,8,,,
September 2018,33,JAWA TENGAH,110.20062,-7.25939,3312,WONOGIRI,Whirlwind,1,,,,,1,,13,
September 2018,33,JAWA TENGAH,110.20062,-7.25939,3329,BREBES,Whirlwind,,,,,,,1,13,
September 2018,33,JAWA TENGAH,110.20062,-7.25939,3509,JEMBER,Whirlwind,,,,,,,,3,
September 2018,33,JAWA TENGAH,110.20062,-7.25939,3302,BANYUMAS,Whirlwind,,1,,15,,,,7,
September 2018,33,JAWA TENGAH,110.20062,-7.25939,3329,BREBES,Whirlwind,,,,,,,1,13,
September 2018,35,JAWA TIMUR,112.59767,-7.94595,3509,JEMBER,Whirlwind,,,,,,,,3,
September 2018,33,JAWA TENGAH,110.20062,-7.25939,3302,BANYUMAS,Whirlwind,,1,,15,,,,7,
September 2018,12,SUMATERA UTARA,99.05314,2.19191,1203,TAPANULI SELATAN,Landslide,,,,,,,,,
September 2018,32,JAWA BARAT,107.6028,-6.91998,3202,SUKABUMI,Whirlwind,,,,15,,1,1,4,
September 2018,12,SUMATERA UTARA,99.05314,2.19191,1202,MANDAILING NATAL,Flood,,,,,,4,,9,
September 2018,11,ACEH,96.91028,4.2251,1107,ACEH BARAT,Whirlwind,,,,4,,,,,
September 2018,15,JAMBI,102.71981,-1.69842,1501,KERINCI,Whirlwind,,,,,,,5,5,
September 2018,32,JAWA BARAT,107.6028,-6.91998,3202,SUKABUMI,Landslide,,,,4,,1,,,
September 2018,32,JAWA BARAT,107.6028,-6.91998,3201,BOGOR,Landslide,,,,11,,,2,,
September 2018,32,JAWA BARAT,107.6028,-6.91998,3201,BOGOR,Whirlwind,,,,,,1,,,
September 2018,13,SUMATERA BARAT,100.4671,-0.85066,1306,PADANG PARIAMAN,Whirlwind,,,,,,,1,,
September 2018,13,SUMATERA BARAT,100.4671,-0.85066,1306,PADANG PARIAMAN,Flood,,,,,,,,,3
September 2018,33,JAWA TENGAH,110.20062,-7.25939,3320,JEPARA,Whirlwind,,,,,,1,,,
September 2018,35,JAWA TIMUR,112.59767,-7.94595,3507,MALANG,Whirlwind,,,,,,,,3,
September 2018,13,SUMATERA BARAT,100.4671,-0.85066,1371,KOTA PADANG,Flood,,,,2137,,,,,50
September 2018,32,JAWA BARAT,107.6028,-6.91998,3201,BOGOR,Whirlwind,,,,30,,,,,
September 2018,32,JAWA BARAT,107.6028,-6.91998,3271,KOTA BOGOR,Whirlwind,,,,47,,,,6,
September 2018,32,JAWA BARAT,107.6028,-6.91998,3271,KOTA BOGOR,Landslide,,,,5,,,1,1,
September 2018,72,SULAWESI TENGAH,121.55683,-1.41749,7271,KOTA PALU,Earthquake and Tsunami,1727,1561,1345,,52415,65045,,,
September 2018,72,SULAWESI TENGAH,121.55683,-1.41749,7205,DONGGALA,Earthquake and Tsunami,171,1750,14,,82891,680,,,
September 2018,72,SULAWESI TENGAH,121.55683,-1.41749,7210,SIGI,Earthquake and Tsunami,188,1112,12,,76835,897,,,
September 2018,72,SULAWESI TENGAH,121.55683,-1.41749,7208,PARIGI MOUTONG,Earthquake and Tsunami,15,15,2,,578,1141,,,
September 2018,76,SULAWESI BARAT,119.34408,-2.46158,7605,PASANGKAYU,Earthquake and Tsunami,1,,,,8731,688,,,
September 2018,33,JAWA TENGAH,110.20062,-7.25939,3301,CILACAP,Whirlwind,,,,,5,1,,,
September 2018,11,ACEH,96.91028,4.2251,1117,BENER MERIAH,Whirlwind,,,,9,,,15,,
September 2018,35,JAWA TIMUR,112.59767,-7.94595,3522,BOJONEGORO,Whirlwind,,,,,,1,,,
September 2018,35,JAWA TIMUR,112.59767,-7.94595,3522,BOJONEGORO,Whirlwind,,,,,,,1,,
October 2018,33,JAWA TENGAH,110.20062,-7.25939,3308,MAGELANG,Landslide,,2,,,8,1,,,
October 2018,11,ACEH,96.91028,4.2251,1111,ACEH UTARA,Flood,,,,,170,,,,
October 2018,13,SUMATERA BARAT,100.4671,-0.85066,1306,PADANG PARIAMAN,Flood,,,,,5,,,,3
October 2018,11,ACEH,96.91028,4.2251,1112,ACEH BARAT DAYA,Flood,,,,2175,,,,,
October 2018,11,ACEH,96.91028,4.2251,1115,NAGAN RAYA,Flood,,,,6114,,,,,2143
October 2018,13,SUMATERA BARAT,100.4671,-0.85066,1306,PADANG PARIAMAN,Landslide,,,,,,2,,,
October 2018,53,NUSA TENGGARA TIMUR,121.98602,-8.64997,5302,SUMBA TIMUR,Earthquake,,,,,65,,,,
October 2018,11,ACEH,96.91028,4.2251,1107,ACEH BARAT,Flood,,,,1356,,,,,396
October 2018,11,ACEH,96.91028,4.2251,1103,ACEH SELATAN,Flood,,,,10,,2,,,
October 2018,12,SUMATERA UTARA,99.05314,2.19191,1208,ASAHAN,Flood,,,,,,,,,45
October 2018,11,ACEH,96.91028,4.2251,1114,ACEH TAMIANG,Flood,,,,600,,,,,120
October 2018,71,SULAWESI UTARA,124.7604,1.17385,7105,MINAHASA SELATAN,Volcano Eruption,,,,,,,,,
October 2018,71,SULAWESI UTARA,124.7604,1.17385,7109,MINAHASA TENGGARA,Volcano Eruption,,,,,,,,,
October 2018,32,JAWA BARAT,107.6028,-6.91998,3202,SUKABUMI,Whirlwind,,,,,,,,,
October 2018,11,ACEH,96.91028,4.2251,1112,ACEH BARAT DAYA,Flood,,,,1685,,,,,
October 2018,82,MALUKU UTARA,127.63524,0.70616,8271,KOTA TERNATE,Volcano Eruption,,,,,,,,,
October 2018,73,SULAWESI SELATAN,119.96738,-4.7654,7326,TORAJA UTARA,Landslide,2,5,,,,,,,
October 2018,11,ACEH,96.91028,4.2251,1108,ACEH BESAR,Flood,,,,85,,,,,15
October 2018,21,KEPULAUAN RIAU,104.49169,1.02469,2101,KARIMUN,Whirlwind,,,,,124,5,6,29,
October 2018,11,ACEH,96.91028,4.2251,1111,ACEH UTARA,Flood,,,,,4,,,,
October 2018,11,ACEH,96.91028,4.2251,1114,ACEH TAMIANG,Flood,,,,1380,,,,,
October 2018,11,ACEH,96.91028,4.2251,1105,ACEH TIMUR,Flood,,,,210,35,,,,
October 2018,13,SUMATERA BARAT,100.4671,-0.85066,1307,AGAM,Flood,,,,,,,,,
October 2018,11,ACEH,96.91028,4.2251,1114,ACEH TAMIANG,Flood,,,,850,,,,,
October 2018,33,JAWA TENGAH,110.20062,-7.25939,3308,MAGELANG,Whirlwind,,,,,,,,,
October 2018,32,JAWA BARAT,107.6028,-6.91998,3205,GARUT,Whirlwind,,,,,,,,3,
October 2018,35,JAWA TIMUR,112.59767,-7.94595,3579,KOTA BATU,Whirlwind,,,,,,,1,,
October 2018,11,ACEH,96.91028,4.2251,1107,ACEH BARAT,Flood,,,,15309,215,1,,1,4653
October 2018,73,SULAWESI SELATAN,119.96738,-4.7654,7314,SIDENRENG RAPPANG,Earthquake,,,,,,,,,
October 2018,12,SUMATERA UTARA,99.05314,2.19191,1213,LANGKAT,Flood,,,,6930,,,,,1386
October 2018,12,SUMATERA UTARA,99.05314,2.19191,1275,KOTA MEDAN,Flood,,,,6025,,,,,1134
October 2018,11,ACEH,96.91028,4.2251,1103,ACEH SELATAN,Flood,,,,75,,,,,27
October 2018,13,SUMATERA BARAT,100.4671,-0.85066,1309,PASAMAN,Flood,,,,,,,,,80
October 2018,12,SUMATERA UTARA,99.05314,2.19191,1273,KOTA PEMATANG SIANTAR,Flood,,,,4365,,,,,435
October 2018,12,SUMATERA UTARA,99.05314,2.19191,1213,LANGKAT,Flood,,,,1526,,,,,549
October 2018,13,SUMATERA BARAT,100.4671,-0.85066,1306,PADANG PARIAMAN,Landslide,3,,,,,1,,,
October 2018,35,JAWA TIMUR,112.59767,-7.94595,3529,SUMENEP,Earthquake,3,35,,,,504,,,
October 2018,35,JAWA TIMUR,112.59767,-7.94595,3513,PROBOLINGGO,Earthquake,,,,,,,2,,
October 2018,35,JAWA TIMUR,112.59767,-7.94595,3509,JEMBER,Earthquake,1,,,,,2,20,8,
October 2018,35,JAWA TIMUR,112.59767,-7.94595,3512,SITUBONDO,Earthquake,,1,,,,11,,5,
October 2018,11,ACEH,96.91028,4.2251,1116,ACEH JAYA,Flood,,,,180,,,,,
October 2018,13,SUMATERA BARAT,100.4671,-0.85066,1308,LIMA PULUH KOTA,Flood,1,,,,500,2,,,150
October 2018,13,SUMATERA BARAT,100.4671,-0.85066,1301,KEPULAUAN MENTAWAI,Flood,,,,,,,,,20
October 2018,13,SUMATERA BARAT,100.4671,-0.85066,1307,AGAM,Flood,,,,1365,,,,1,11
October 2018,13,SUMATERA BARAT,100.4671,-0.85066,1305,TANAH DATAR,Flood,6,11,,,24,6,,,285
October 2018,13,SUMATERA BARAT,100.4671,-0.85066,1309,PASAMAN,Flood,,,,7565,,69,,,533
October 2018,13,SUMATERA BARAT,100.4671,-0.85066,1312,PASAMAN BARAT,Flood,1,,,,800,2,,,500
October 2018,12,SUMATERA UTARA,99.05314,2.19191,1271,KOTA SIBOLGA,Flood,4,4,,,,25,4,,100
October 2018,11,ACEH,96.91028,4.2251,1102,ACEH SINGKIL,Flood,,,,26220,,1,,,5244
October 2018,17,BENGKULU,102.33675,-3.55258,1705,SELUMA,Flood,,,,2160,,,,,432
October 2018,13,SUMATERA BARAT,100.4671,-0.85066,1302,PESISIR SELATAN,Flood,,,,,,,,,333
October 2018,13,SUMATERA BARAT,100.4671,-0.85066,1372,KOTA SOLOK,Whirlwind,,,,,,,,1,
October 2018,12,SUMATERA UTARA,99.05314,2.19191,1202,MANDAILING NATAL,Flood,17,,2,,543,41,,,100
October 2018,12,SUMATERA UTARA,99.05314,2.19191,1203,TAPANULI SELATAN,Flood,,,,375,860,3,,,
October 2018,11,ACEH,96.91028,4.2251,1101,SIMEULUE,Flood,,,,586,,,,,
October 2018,14,RIAU,101.80779,0.51272,1408,BENGKALIS,Flood,,,,,,,,,1505
October 2018,16,SUMATERA SELATAN,104.17052,-3.21413,1612,PENUKAL ABAB LEMATANG ILIR,Whirlwind,,,,,,,,2,
October 2018,11,ACEH,96.91028,4.2251,1103,ACEH SELATAN,Flood,,,,435,,,,,50
October 2018,61,KALIMANTAN BARAT,111.12557,-0.08443,6104,MEMPAWAH,Flood,,,,12825,,,,,
October 2018,32,JAWA BARAT,107.6028,-6.91998,3201,BOGOR,Whirlwind,,,,486,,4,38,105,
October 2018,32,JAWA BARAT,107.6028,-6.91998,3201,BOGOR,Landslide,,,,3,,,1,,
October 2018,32,JAWA BARAT,107.6028,-6.91998,3271,KOTA BOGOR,Landslide,,,,10,,2,,,
October 2018,11,ACEH,96.91028,4.2251,1103,ACEH SELATAN,Flood,,,,20252,77,,,,
October 2018,16,SUMATERA SELATAN,104.17052,-3.21413,1674,KOTA LUBUK LINGGAU,Whirlwind,,,,,,10,,5,
October 2018,73,SULAWESI SELATAN,119.96738,-4.7654,7308,MAROS,Whirlwind,,,,,,,,35,
October 2018,11,ACEH,96.91028,4.2251,1116,ACEH JAYA,Flood,,,,16756,,,,,
October 2018,11,ACEH,96.91028,4.2251,1115,NAGAN RAYA,Flood,,,,4855,,,,,
October 2018,32,JAWA BARAT,107.6028,-6.91998,3201,BOGOR,Landslide,,,,5,,1,,,
October 2018,32,JAWA BARAT,107.6028,-6.91998,3201,BOGOR,Whirlwind,,1,,12,,1,,,
October 2018,14,RIAU,101.80779,0.51272,1473,KOTA DUMAI,Flood,,,,,207,,,,733
October 2018,32,JAWA BARAT,107.6028,-6.91998,3211,SUMEDANG,Whirlwind,,,,15,,1,,3,
October 2018,11,ACEH,96.91028,4.2251,1111,ACEH UTARA,Flood,,,,,,,,,
October 2018,33,JAWA TENGAH,110.20062,-7.25939,3323,TEMANGGUNG,Whirlwind,,1,,,,,1,3,
October 2018,32,JAWA BARAT,107.6028,-6.91998,3271,KOTA BOGOR,Landslide,,,,,,,,1,
October 2018,12,SUMATERA UTARA,99.05314,2.19191,1208,ASAHAN,Flood,,,,372,,,,,128
October 2018,75,GORONTALO,122.37605,0.68682,7502,GORONTALO,Whirlwind,,,,,,,,3,
October 2018,32,JAWA BARAT,107.6028,-6.91998,3201,BOGOR,Landslide,,,,,,,,,
October 2018,62,KALIMANTAN TENGAH,113.42482,-1.60397,6207,LAMANDAU,Flood,,,,430,,,,,66
October 2018,32,JAWA BARAT,107.6028,-6.91998,3271,KOTA BOGOR,Landslide,,,,,,,2,,
October 2018,63,KALIMANTAN SELATAN,115.44063,-3.01217,6303,BANJAR,Whirlwind,,,,,,,,1,
October 2018,32,JAWA BARAT,107.6028,-6.91998,3201,BOGOR,Whirlwind,,,,,,,,,
October 2018,32,JAWA BARAT,107.6028,-6.91998,3271,KOTA BOGOR,Landslide,,,,4,,,,1,
October 2018,32,JAWA BARAT,107.6028,-6.91998,3271,KOTA BOGOR,Flood,,,,1400,,,,,280
October 2018,32,JAWA BARAT,107.6028,-6.91998,3271,KOTA BOGOR,Whirlwind,,,,4,,,,1,
October 2018,32,JAWA BARAT,107.6028,-6.91998,3271,KOTA BOGOR,Whirlwind,,,,6,,,,1,
October 2018,73,SULAWESI SELATAN,119.96738,-4.7654,7318,TANA TORAJA,Whirlwind,,,,,,,,1,
October 2018,33,JAWA TENGAH,110.20062,-7.25939,3372,KOTA SURAKARTA,Whirlwind,,,,,,,1,,
October 2018,32,JAWA BARAT,107.6028,-6.91998,3216,BEKASI,Whirlwind,,,,15,,,1,,
October 2018,32,JAWA BARAT,107.6028,-6.91998,3216,BEKASI,Whirlwind,,,,,,,1,,
October 2018,32,JAWA BARAT,107.6028,-6.91998,3208,KUNINGAN,Whirlwind,,,,5,,,,2,
October 2018,33,JAWA TENGAH,110.20062,-7.25939,3329,BREBES,Whirlwind,,,,,,,,,
October 2018,35,JAWA TIMUR,112.59767,-7.94595,3507,MALANG,Whirlwind,,,,,,,,104,
October 2018,33,JAWA TENGAH,110.20062,-7.25939,3307,WONOSOBO,Whirlwind,,,,,,,1,6,
October 2018,35,JAWA TIMUR,112.59767,-7.94595,3573,KOTA MALANG,Whirlwind,,2,,,,,,5,
October 2018,33,JAWA TENGAH,110.20062,-7.25939,3313,KARANGANYAR,Whirlwind,,,,,,1,,3,
October 2018,33,JAWA TENGAH,110.20062,-7.25939,3301,CILACAP,Whirlwind,,,,,,1,,,
October 2018,14,RIAU,101.80779,0.51272,1409,ROKAN HILIR,Flood,,,,,4052,,,,400
October 2018,32,JAWA BARAT,107.6028,-6.91998,3216,BEKASI,Whirlwind,,,,,,,,8,
October 2018,35,JAWA TIMUR,112.59767,-7.94595,3524,LAMONGAN,Whirlwind,,,,,,,,23,
October 2018,32,JAWA BARAT,107.6028,-6.91998,3201,BOGOR,Landslide,,,,3,3,,1,,
October 2018,32,JAWA BARAT,107.6028,-6.91998,3201,BOGOR,Whirlwind,,,,5,1,2,,,
October 2018,33,JAWA TENGAH,110.20062,-7.25939,3314,SRAGEN,Whirlwind,,,,30,,,1,5,
October 2018,32,JAWA BARAT,107.6028,-6.91998,3201,BOGOR,Landslide,,,,,9,,,1,
October 2018,12,SUMATERA UTARA,99.05314,2.19191,1277,KOTA PADANG SIDEMPUAN,Flood,,,,1500,500,1,,,714
October 2018,63,KALIMANTAN SELATAN,115.44063,-3.01217,6303,BANJAR,Whirlwind,,,,20,,1,,3,
October 2018,16,SUMATERA SELATAN,104.17052,-3.21413,1671,KOTA PALEMBANG,Whirlwind,,,,,,7,,27,
October 2018,33,JAWA TENGAH,110.20062,-7.25939,3374,KOTA SEMARANG,Whirlwind,,,,,,,,2,
October 2018,32,JAWA BARAT,107.6028,-6.91998,3217,BANDUNG BARAT,Landslide,,,,4,,,1,,
October 2018,13,SUMATERA BARAT,100.4671,-0.85066,1304,SIJUNJUNG,Flood,,,,,,,,,20
October 2018,12,SUMATERA UTARA,99.05314,2.19191,1275,KOTA MEDAN,Whirlwind,,,,93,,,,24,
October 2018,32,JAWA BARAT,107.6028,-6.91998,3271,KOTA BOGOR,Whirlwind,,,,,,,,,
October 2018,32,JAWA BARAT,107.6028,-6.91998,3271,KOTA BOGOR,Landslide,,,,35,,,,,
October 2018,33,JAWA TENGAH,110.20062,-7.25939,3305,KEBUMEN,Whirlwind,,,,,,1,,,
October 2018,32,JAWA BARAT,107.6028,-6.91998,3217,BANDUNG BARAT,Landslide,,,,3,,,,1,
October 2018,32,JAWA BARAT,107.6028,-6.91998,3271,KOTA BOGOR,Whirlwind,,,,,,,,1,
October 2018,35,JAWA TIMUR,112.59767,-7.94595,3524,LAMONGAN,Landslide,,,,225,18,,5,,
October 2018,71,SULAWESI UTARA,124.7604,1.17385,7106,MINAHASA UTARA,Whirlwind,,,,280,,12,23,21,
October 2018,18,LAMPUNG,105.02009,-4.91748,1802,TANGGAMUS,Flood,,,,,,,,,
October 2018,32,JAWA BARAT,107.6028,-6.91998,3201,BOGOR,Whirlwind,,,,39,7,3,7,2,
October 2018,18,LAMPUNG,105.02009,-4.91748,1813,PESISIR BARAT,Flood,,,,,,,,10,
October 2018,13,SUMATERA BARAT,100.4671,-0.85066,1306,PADANG PARIAMAN,Landslide,,,,,,2,,,
October 2018,32,JAWA BARAT,107.6028,-6.91998,3271,KOTA BOGOR,Landslide,,,,,,,1,,
October 2018,13,SUMATERA BARAT,100.4671,-0.85066,1373,KOTA SAWAHLUNTO,Landslide,,,,,22,4,,12,
October 2018,14,RIAU,101.80779,0.51272,1407,ROKAN HULU,Flood,,,,,,,,,966
October 2018,21,KEPULAUAN RIAU,104.49169,1.02469,2172,KOTA TANJUNG PINANG,Flood,1,,,,,,,,
November 2018,16,SUMATERA SELATAN,104.17052,-3.21413,1605,MUSI RAWAS,Flood,,,,,,,,,16
November 2018,64,KALIMANTAN TIMUR,116.4743,0.46538,6405,BERAU,Whirlwind,,,,36,,1,,8,
November 2018,21,KEPULAUAN RIAU,104.49169,1.02469,2101,KARIMUN,Flood,,,,,,,,,
November 2018,14,RIAU,101.80779,0.51272,1407,ROKAN HULU,Flood,,,,1550,,,,,
November 2018,13,SUMATERA BARAT,100.4671,-0.85066,1371,KOTA PADANG,Flood,2,,,3925,12,4,,,1400
November 2018,13,SUMATERA BARAT,100.4671,-0.85066,1307,AGAM,Flood,,2,,100,,,2,1,14
November 2018,13,SUMATERA BARAT,100.4671,-0.85066,1304,SIJUNJUNG,Flood,1,,,,,2,1,,
November 2018,13,SUMATERA BARAT,100.4671,-0.85066,1302,PESISIR SELATAN,Flood,,,,,,,,,368
November 2018,13,SUMATERA BARAT,100.4671,-0.85066,1301,KEPULAUAN MENTAWAI,Flood,,,,,,,,,75
November 2018,13,SUMATERA BARAT,100.4671,-0.85066,1308,LIMA PULUH KOTA,Flood,,,,,10,,,,440
November 2018,13,SUMATERA BARAT,100.4671,-0.85066,1375,KOTA BUKITTINGGI,Flood,,,,130,,,,,
November 2018,13,SUMATERA BARAT,100.4671,-0.85066,1306,PADANG PARIAMAN,Landslide,,,,,,,8,,
November 2018,15,JAMBI,102.71981,-1.69842,1572,KOTA SUNGAI PENUH,Flood,,,,7625,,,,,606
November 2018,13,SUMATERA BARAT,100.4671,-0.85066,1306,PADANG PARIAMAN,Landslide,,,,19,,4,,2,
November 2018,15,JAMBI,102.71981,-1.69842,1501,KERINCI,Flood,,,,8,,1,,,
November 2018,11,ACEH,96.91028,4.2251,1116,ACEH JAYA,Flood,,,,,,,,,
November 2018,15,JAMBI,102.71981,-1.69842,1503,SAROLANGUN,Landslide,,,,,5,1,,,
November 2018,35,JAWA TIMUR,112.59767,-7.94595,3522,BOJONEGORO,Whirlwind,,2,,,,,1,,
November 2018,33,JAWA TENGAH,110.20062,-7.25939,3304,BANJARNEGARA,Landslide,,,,,,,,1,
November 2018,33,JAWA TENGAH,110.20062,-7.25939,3316,BLORA,Whirlwind,,,,,,1,,1,
November 2018,14,RIAU,101.80779,0.51272,1401,KUANTAN SINGINGI,Flood,,,,49820,,,,,7235
November 2018,13,SUMATERA BARAT,100.4671,-0.85066,1372,KOTA SOLOK,Flood,,,,1054,,,,,
November 2018,13,SUMATERA BARAT,100.4671,-0.85066,1303,SOLOK,Flood,,,,,,1,4,,17
November 2018,32,JAWA BARAT,107.6028,-6.91998,3201,BOGOR,Landslide,,,,,15,,2,,
November 2018,21,KEPULAUAN RIAU,104.49169,1.02469,2171,KOTA BATAM,Whirlwind,,1,,103,,14,5,7,
November 2018,33,JAWA TENGAH,110.20062,-7.25939,3316,BLORA,Whirlwind,,,,,,1,,,
November 2018,33,JAWA TENGAH,110.20062,-7.25939,3302,BANYUMAS,Whirlwind,,,,3,,1,,,
November 2018,32,JAWA BARAT,107.6028,-6.91998,3218,PANGANDARAN,Flood,,,,,,,,,
November 2018,32,JAWA BARAT,107.6028,-6.91998,3271,KOTA BOGOR,Landslide,,,,6,,,,1,
November 2018,52,NUSA TENGGARA BARAT,117.50748,-8.60668,5207,SUMBAWA BARAT,Flood,,,,,,,,,
November 2018,33,JAWA TENGAH,110.20062,-7.25939,3374,KOTA SEMARANG,Landslide,,,,6,,,2,,
November 2018,32,JAWA BARAT,107.6028,-6.91998,3206,TASIKMALAYA,Flood,6,,,7490,2045,7,,15,461
November 2018,32,JAWA BARAT,107.6028,-6.91998,3218,PANGANDARAN,Flood,1,,,5312,132,,,,691
November 2018,35,JAWA TIMUR,112.59767,-7.94595,3503,TRENGGALEK,Landslide,,,,,,,,1,
November 2018,32,JAWA BARAT,107.6028,-6.91998,3203,CIANJUR,Landslide,,,,420,,,,,
November 2018,32,JAWA BARAT,107.6028,-6.91998,3218,PANGANDARAN,Landslide,,,,,,,2,,
November 2018,33,JAWA TENGAH,110.20062,-7.25939,3305,KEBUMEN,Landslide,,,,,,,,1,
November 2018,11,ACEH,96.91028,4.2251,1116,ACEH JAYA,Flood,,,,2041,,,,,
November 2018,36,BANTEN,106.10883,-6.45625,3604,SERANG,Whirlwind,,,,132,,19,8,1,
November 2018,18,LAMPUNG,105.02009,-4.91748,1813,PESISIR BARAT,Flood,,,,350,,,,,250
November 2018,51,BALI,115.13213,-8.36978,5101,JEMBRANA,Whirlwind,,,,30,,,,6,
November 2018,11,ACEH,96.91028,4.2251,1102,ACEH SINGKIL,Flood,,,,22751,,,,,67
November 2018,32,JAWA BARAT,107.6028,-6.91998,3204,BANDUNG,Flood,,,,478,265,,,,350
November 2018,14,RIAU,101.80779,0.51272,1402,INDRAGIRI HULU,Flood,,,,1205,,,,241,
November 2018,18,LAMPUNG,105.02009,-4.91748,1802,TANGGAMUS,Flood,1,,,1625,100,136,12,,100
November 2018,12,SUMATERA UTARA,99.05314,2.19191,1202,MANDAILING NATAL,Flood,1,4,,,1263,145,,26,1000
November 2018,74,SULAWESI TENGGARA,122.07208,-4.12542,7414,BUTON TENGAH,Whirlwind,,,,100,,,,18,
November 2018,12,SUMATERA UTARA,99.05314,2.19191,1203,TAPANULI SELATAN,Flood,,5,,,,1,,,
November 2018,13,SUMATERA BARAT,100.4671,-0.85066,1309,PASAMAN,Flood,,,1,,,,,,
November 2018,32,JAWA BARAT,107.6028,-6.91998,3217,BANDUNG BARAT,Landslide,,,,240,,,,48,
November 2018,35,JAWA TIMUR,112.59767,-7.94595,3503,TRENGGALEK,Landslide,,,,,,,,1,
November 2018,76,SULAWESI BARAT,119.34408,-2.46158,7603,MAMASA,Earthquake,,,,,15416,,,17,
November 2018,33,JAWA TENGAH,110.20062,-7.25939,3305,KEBUMEN,Landslide,,,,,,,,1,
November 2018,36,BANTEN,106.10883,-6.45625,3604,SERANG,Flood,,,,24,,,,,5
November 2018,11,ACEH,96.91028,4.2251,1116,ACEH JAYA,Flood,,,,1228,,,,,
November 2018,32,JAWA BARAT,107.6028,-6.91998,3204,BANDUNG,Flood,,,,,,,2,1,22
November 2018,13,SUMATERA BARAT,100.4671,-0.85066,1377,KOTA PARIAMAN,Landslide,1,,2,,,1,,,
November 2018,52,NUSA TENGGARA BARAT,117.50748,-8.60668,5205,DOMPU,Flood,,,,1500,,2,,,
November 2018,32,JAWA BARAT,107.6028,-6.91998,3217,BANDUNG BARAT,Landslide,,,,2,4,1,1,,
November 2018,35,JAWA TIMUR,112.59767,-7.94595,3503,TRENGGALEK,Landslide,,,,,,,,1,
November 2018,35,JAWA TIMUR,112.59767,-7.94595,3509,JEMBER,Whirlwind,,,,,,,1,1,
November 2018,32,JAWA BARAT,107.6028,-6.91998,3204,BANDUNG,Landslide,,,,5,,,2,,
November 2018,33,JAWA TENGAH,110.20062,-7.25939,3312,WONOGIRI,Whirlwind,,,,,,,,1,
November 2018,33,JAWA TENGAH,110.20062,-7.25939,3323,TEMANGGUNG,Whirlwind,,,,2,,,,1,
November 2018,33,JAWA TENGAH,110.20062,-7.25939,3323,TEMANGGUNG,Landslide,,,,5,,,,1,
November 2018,32,JAWA BARAT,107.6028,-6.91998,3201,BOGOR,Landslide,,,,,7,2,,,
November 2018,33,JAWA TENGAH,110.20062,-7.25939,3306,PURWOREJO,Landslide,,,,,,1,,,
November 2018,35,JAWA TIMUR,112.59767,-7.94595,3505,BLITAR,Flood,,,,,,,1,,
November 2018,32,JAWA BARAT,107.6028,-6.91998,3201,BOGOR,Flood,,,,,7,2,,,
November 2018,33,JAWA TENGAH,110.20062,-7.25939,3323,TEMANGGUNG,Landslide,,,,,,,,,
November 2018,62,KALIMANTAN TENGAH,113.42482,-1.60397,6213,MURUNG RAYA,Landslide,,,,6,,1,,,
November 2018,62,KALIMANTAN TENGAH,113.42482,-1.60397,6203,KAPUAS,Flood,,,,,,,,,
November 2018,32,JAWA BARAT,107.6028,-6.91998,3201,BOGOR,Landslide,,,,12,,,3,,
November 2018,35,JAWA TIMUR,112.59767,-7.94595,3509,JEMBER,Whirlwind,,,,,,,1,,
November 2018,35,JAWA TIMUR,112.59767,-7.94595,3501,PACITAN,Landslide,,,,,,,,,
November 2018,35,JAWA TIMUR,112.59767,-7.94595,3516,MOJOKERTO,Landslide,,,,,,,,1,
November 2018,35,JAWA TIMUR,112.59767,-7.94595,3203,CIANJUR,Landslide,,,,,,,,1,
November 2018,12,SUMATERA UTARA,99.05314,2.19191,1214,NIAS SELATAN,Landslide,1,,6,,,,,,
November 2018,33,JAWA TENGAH,110.20062,-7.25939,3374,KOTA SEMARANG,Whirlwind,,,,,,,,1,
November 2018,33,JAWA TENGAH,110.20062,-7.25939,3308,MAGELANG,Landslide,,,,,,,1,,
November 2018,33,JAWA TENGAH,110.20062,-7.25939,3314,SRAGEN,Flood,,,,,5,,,,
November 2018,35,JAWA TIMUR,112.59767,-7.94595,3509,JEMBER,Whirlwind,,,,,,,1,,
November 2018,32,JAWA BARAT,107.6028,-6.91998,3201,BOGOR,Whirlwind,,,,25,,5,,,
November 2018,32,JAWA BARAT,107.6028,-6.91998,3206,TASIKMALAYA,Whirlwind,,,,9,,,,2,
November 2018,35,JAWA TIMUR,112.59767,-7.94595,3502,PONOROGO,Landslide,,,,,,,,1,
November 2018,35,JAWA TIMUR,112.59767,-7.94595,3577,KOTA MADIUN,Whirlwind,,,,,,,1,,
November 2018,32,JAWA BARAT,107.6028,-6.91998,3217,BANDUNG BARAT,Landslide,,,,,3,1,,,
November 2018,32,JAWA BARAT,107.6028,-6.91998,3276,KOTA DEPOK,Landslide,,4,,,,,,,
November 2018,32,JAWA BARAT,107.6028,-6.91998,3218,PANGANDARAN,Landslide,,,,,,,,1,
November 2018,32,JAWA BARAT,107.6028,-6.91998,3201,BOGOR,Whirlwind,,,,,16,,,3,
November 2018,33,JAWA TENGAH,110.20062,-7.25939,3323,TEMANGGUNG,Landslide,,,,,,,,2,
November 2018,32,JAWA BARAT,107.6028,-6.91998,3201,BOGOR,Landslide,,,,,9,,,3,
November 2018,32,JAWA BARAT,107.6028,-6.91998,3217,BANDUNG BARAT,Landslide,,,,,8,2,,,
November 2018,32,JAWA BARAT,107.6028,-6.91998,3271,KOTA BOGOR,Landslide,,,,11,,,2,2,
November 2018,32,JAWA BARAT,107.6028,-6.91998,3271,KOTA BOGOR,Whirlwind,,,,6,,1,,,
November 2018,33,JAWA TENGAH,110.20062,-7.25939,3302,BANYUMAS,Whirlwind,,,,,,8,,50,
November 2018,34,DI YOGYAKARTA,110.4458,-7.89495,3403,GUNUNGKIDUL,Whirlwind,,,,,,1,,,
November 2018,76,SULAWESI BARAT,119.34408,-2.46158,7603,MAMASA,Flood,,,,,20,4,,,
November 2018,32,JAWA BARAT,107.6028,-6.91998,3202,SUKABUMI,Landslide,,,,,,,,,
November 2018,32,JAWA BARAT,107.6028,-6.91998,3278,KOTA TASIKMALAYA,Whirlwind,,,,5,,1,,,
November 2018,62,KALIMANTAN TENGAH,113.42482,-1.60397,6203,KAPUAS,Flood,,,,456,,,,,105
November 2018,33,JAWA TENGAH,110.20062,-7.25939,3305,KEBUMEN,Flood,,,,,,,,,
November 2018,52,NUSA TENGGARA BARAT,117.50748,-8.60668,5318,NAGEKEO,Landslide,3,,,22,,5,,,
November 2018,33,JAWA TENGAH,110.20062,-7.25939,3305,KEBUMEN,Landslide,,,,,,,,5,
November 2018,32,JAWA BARAT,107.6028,-6.91998,3217,BANDUNG BARAT,Landslide,,,,,12,3,,,
November 2018,11,ACEH,96.91028,4.2251,1113,GAYO LUES,Flood,,,,,,,,,64
November 2018,16,SUMATERA SELATAN,104.17052,-3.21413,1671,KOTA PALEMBANG,Flood,,,,,,,,,100
November 2018,35,JAWA TIMUR,112.59767,-7.94595,3512,SITUBONDO,Whirlwind,,,,,,,,2,
November 2018,33,JAWA TENGAH,110.20062,-7.25939,3301,CILACAP,Flood,,,,13535,,,,,2704
November 2018,32,JAWA BARAT,107.6028,-6.91998,3218,PANGANDARAN,Flood,,,,1740,5360,,,,348
November 2018,33,JAWA TENGAH,110.20062,-7.25939,3306,PURWOREJO,Landslide,,,,4,,,,1,
November 2018,36,BANTEN,106.10883,-6.45625,3604,SERANG,Whirlwind,,,,2,,,1,1,
November 2018,32,JAWA BARAT,107.6028,-6.91998,3206,TASIKMALAYA,Landslide,,,,,,,,1,
November 2018,36,BANTEN,106.10883,-6.45625,3604,SERANG,Landslide,,,,4,,,1,1,
November 2018,33,JAWA TENGAH,110.20062,-7.25939,3305,KEBUMEN,Landslide,,,,4,,1,,,
November 2018,33,JAWA TENGAH,110.20062,-7.25939,3306,PURWOREJO,Landslide,,,,12,5,1,2,5,
November 2018,62,KALIMANTAN TENGAH,113.42482,-1.60397,6205,BARITO UTARA,Flood,,,,,,,,,100
November 2018,62,KALIMANTAN TENGAH,113.42482,-1.60397,6213,MURUNG RAYA,Flood,,,,,,,,,100
November 2018,12,SUMATERA UTARA,99.05314,2.19191,1208,ASAHAN,Flood,,,,625,,,,,171
November 2018,72,SULAWESI TENGAH,121.55683,-1.41749,7210,SIGI,Flood,,,,2259,701,,,,196
November 2018,32,JAWA BARAT,107.6028,-6.91998,3208,KUNINGAN,Landslide,,,,8,,,1,1,
November 2018,33,JAWA TENGAH,110.20062,-7.25939,3306,PURWOREJO,Whirlwind,,,,,1,1,,,
November 2018,33,JAWA TENGAH,110.20062,-7.25939,3307,WONOSOBO,Whirlwind,,,,,,2,,,
November 2018,33,JAWA TENGAH,110.20062,-7.25939,3306,PURWOREJO,Landslide,,,,,,,1,,
November 2018,62,KALIMANTAN TENGAH,113.42482,-1.60397,6210,PULANG PISAU,Flood,,,,,,,,,60
November 2018,33,JAWA TENGAH,110.20062,-7.25939,3374,KOTA SEMARANG,Whirlwind,,,,,,1,,,
November 2018,76,SULAWESI BARAT,119.34408,-2.46158,7605,PASANGKAYU,Flood,,,,200,,,,,40
November 2018,33,JAWA TENGAH,110.20062,-7.25939,3312,WONOGIRI,Landslide,,,,,5,,,,
November 2018,52,NUSA TENGGARA BARAT,117.50748,-8.60668,5207,SUMBAWA BARAT,Whirlwind,,,,15,,,,3,
November 2018,76,SULAWESI BARAT,119.34408,-2.46158,7603,MAMASA,Earthquake,,,,,22375,29,35,175,
November 2018,14,RIAU,101.80779,0.51272,1405,SIAK,Flood,,,,30,,,,2,
November 2018,14,RIAU,101.80779,0.51272,1406,KAMPAR,Flood,,,,69445,,,,,
November 2018,11,ACEH,96.91028,4.2251,1110,BIREUEN,Flood,,,,109,43,3,,,24
November 2018,35,JAWA TIMUR,112.59767,-7.94595,3522,BOJONEGORO,Whirlwind,,1,,,5,1,,,
November 2018,35,JAWA TIMUR,112.59767,-7.94595,3509,JEMBER,Whirlwind,,,,,,,,1,
November 2018,12,SUMATERA UTARA,99.05314,2.19191,1275,KOTA MEDAN,Flood,,,,4722,,,,,862
November 2018,33,JAWA TENGAH,110.20062,-7.25939,3318,PATI,Whirlwind,,1,,,,,,113,
November 2018,11,ACEH,96.91028,4.2251,1111,ACEH UTARA,Flood,,,,10381,4278,3,,6,1505
November 2018,33,JAWA TENGAH,110.20062,-7.25939,3315,GROBOGAN,Whirlwind,,,,205,,41,,,
November 2018,33,JAWA TENGAH,110.20062,-7.25939,3302,BANYUMAS,Whirlwind,,,,,,1,,,
November 2018,33,JAWA TENGAH,110.20062,-7.25939,3316,BLORA,Whirlwind,,,,,,8,7,20,
November 2018,33,JAWA TENGAH,110.20062,-7.25939,3321,DEMAK,Whirlwind,,,,,,,1,,
November 2018,33,JAWA TENGAH,110.20062,-7.25939,3319,KUDUS,Whirlwind,,1,,,,,,,
November 2018,33,JAWA TENGAH,110.20062,-7.25939,3308,MAGELANG,Whirlwind,,,,,5,1,,,
November 2018,11,ACEH,96.91028,4.2251,1109,PIDIE,Flood,,,,,,4,,,106
November 2018,33,JAWA TENGAH,110.20062,-7.25939,3329,BREBES,Whirlwind,,,,,,3,10,2,
November 2018,35,JAWA TIMUR,112.59767,-7.94595,3579,KOTA BATU,Whirlwind,,,,15,,,,,
November 2018,32,JAWA BARAT,107.6028,-6.91998,3271,KOTA BOGOR,Landslide,,,,3,,,,1,
November 2018,33,JAWA TENGAH,110.20062,-7.25939,3328,TEGAL,Whirlwind,,1,,,,1,,,
November 2018,33,JAWA TENGAH,110.20062,-7.25939,3312,WONOGIRI,Whirlwind,,,,5,,,1,,
November 2018,33,JAWA TENGAH,110.20062,-7.25939,3314,SRAGEN,Whirlwind,,,,,2,,,,
November 2018,53,NUSA TENGGARA TIMUR,121.98602,-8.64997,5315,MANGGARAI BARAT,Whirlwind,,7,,509,,47,68,,
November 2018,35,JAWA TIMUR,112.59767,-7.94595,3520,MAGETAN,Whirlwind,,1,,,,,,1,
November 2018,35,JAWA TIMUR,112.59767,-7.94595,3518,NGANJUK,Whirlwind,,,,,,1,,8,
November 2018,35,JAWA TIMUR,112.59767,-7.94595,3506,KEDIRI,Whirlwind,1,1,,,,,,,
November 2018,35,JAWA TIMUR,112.59767,-7.94595,3512,SITUBONDO,Whirlwind,,,,,,16,11,238,
November 2018,33,JAWA TENGAH,110.20062,-7.25939,3519,MADIUN,Whirlwind,,,,,,,4,3,
November 2018,33,JAWA TENGAH,110.20062,-7.25939,3318,PATI,Whirlwind,,,,,,,3,28,
November 2018,51,BALI,115.13213,-8.36978,5105,KLUNGKUNG,Whirlwind,,3,,,,1,,,
November 2018,35,JAWA TIMUR,112.59767,-7.94595,3323,TEMANGGUNG,Whirlwind,,,,,,,,20,
November 2018,35,JAWA TIMUR,112.59767,-7.94595,3516,MOJOKERTO,Whirlwind,,,,,,10,44,116,
November 2018,35,JAWA TIMUR,112.59767,-7.94595,3515,SIDOARJO,Whirlwind,1,1,,,,28,,271,
November 2018,33,JAWA TENGAH,110.20062,-7.25939,3315,GROBOGAN,Whirlwind,,,,,,1,,131,
November 2018,33,JAWA TENGAH,110.20062,-7.25939,3314,SRAGEN,Whirlwind,,1,,,,1,,,
November 2018,33,JAWA TENGAH,110.20062,-7.25939,3324,KENDAL,Whirlwind,,,,,,,1,,
November 2018,35,JAWA TIMUR,112.59767,-7.94595,3502,PONOROGO,Whirlwind,,,,,,,,,
November 2018,53,NUSA TENGGARA TIMUR,121.98602,-8.64997,5318,NAGEKEO,Whirlwind,,,,,,1,,,
November 2018,35,JAWA TIMUR,112.59767,-7.94595,3515,SIDOARJO,Whirlwind,,,,,,,,5,
November 2018,61,KALIMANTAN BARAT,111.12557,-0.08443,6103,LANDAK,Flood,,,,52,,,,,7
November 2018,32,JAWA BARAT,107.6028,-6.91998,3217,BANDUNG BARAT,Whirlwind,,,,5,,,,1,
November 2018,32,JAWA BARAT,107.6028,-6.91998,3271,KOTA BOGOR,Landslide,,,,,,,,1,
November 2018,32,JAWA BARAT,107.6028,-6.91998,3201,BOGOR,Flood,,,,,45,,9,153,
November 2018,32,JAWA BARAT,107.6028,-6.91998,3208,KUNINGAN,Landslide,,,,,,,1,,
November 2018,14,RIAU,101.80779,0.51272,1471,KOTA PEKANBARU,Flood,,,,4635,,,,927,
November 2018,32,JAWA BARAT,107.6028,-6.91998,3215,KARAWANG,Whirlwind,,,,21,,,7,,
November 2018,14,RIAU,101.80779,0.51272,1407,ROKAN HULU,Flood,,,,345,,,,69,
November 2018,11,ACEH,96.91028,4.2251,1116,ACEH JAYA,Flood,,,,8734,945,,,,
November 2018,35,JAWA TIMUR,112.59767,-7.94595,3517,JOMBANG,Whirlwind,,,,150,,1,15,38,
November 2018,32,JAWA BARAT,107.6028,-6.91998,3201,BOGOR,Landslide,,,,21,,,1,1,
November 2018,32,JAWA BARAT,107.6028,-6.91998,3201,BOGOR,Flood,,,,62,,,3,9,
November 2018,73,SULAWESI SELATAN,119.96738,-4.7654,7312,SOPPENG,Whirlwind,,,,,,,,39,
November 2018,11,ACEH,96.91028,4.2251,1104,ACEH TENGGARA,Flood,,,,,,,,,24
November 2018,18,LAMPUNG,105.02009,-4.91748,1801,LAMPUNG BARAT,Landslide,,,,,,,,2,
November 2018,35,JAWA TIMUR,112.59767,-7.94595,3509,JEMBER,Whirlwind,,1,,,,1,,,
November 2018,35,JAWA TIMUR,112.59767,-7.94595,3522,BOJONEGORO,Flood,,,,270,,,,,50
November 2018,35,JAWA TIMUR,112.59767,-7.94595,3510,BANYUWANGI,Flood,,,,,,,,1,
November 2018,73,SULAWESI SELATAN,119.96738,-4.7654,7322,LUWU UTARA,Whirlwind,,,,,,,,7,
November 2018,53,NUSA TENGGARA TIMUR,121.98602,-8.64997,5305,TIMOR TENGAH UTARA,Whirlwind,,,,,,4,,16,
November 2018,15,JAMBI,102.71981,-1.69842,1504,BATANGHARI,Whirlwind,,,,3,,,1,,
November 2018,35,JAWA TIMUR,112.59767,-7.94595,3579,KOTA BATU,Landslide,,,,,3,1,,1,
November 2018,14,RIAU,101.80779,0.51272,1403,INDRAGIRI HILIR,Landslide,,,,,25,5,,,
November 2018,31,DKI JAKARTA,106.83439,-6.2003,3172,KOTA JAKARTA TIMUR,Landslide,,,,,,,1,,
November 2018,32,JAWA BARAT,107.6028,-6.91998,3273,KOTA BANDUNG,Flood,,,,260,,,,,52
November 2018,35,JAWA TIMUR,112.59767,-7.94595,3507,MALANG,Whirlwind,,,,10,,,,9,
November 2018,11,ACEH,96.91028,4.2251,1104,ACEH TENGGARA,Flood,,,,240,,6,,,6
November 2018,11,ACEH,96.91028,4.2251,1114,ACEH TAMIANG,Flood,,,,,,,,,
November 2018,94,PAPUA,138.50228,-3.94094,9408,KEPUALUAN YAPEN,Whirlwind,,,,,,,11,,
November 2018,33,JAWA TENGAH,110.20062,-7.25939,3374,KOTA SEMARANG,Whirlwind,,,,,,2,,,
November 2018,19,KEPULAUAN BANGKA BELITUNG,106.25099,-2.67877,1901,BANGKA,Flood,,,,80,,,,,
November 2018,32,JAWA BARAT,107.6028,-6.91998,3214,PURWAKARTA,Landslide,4,5,,,,3,,,
November 2018,35,JAWA TIMUR,112.59767,-7.94595,3503,TRENGGALEK,Landslide,,,,,,,,3,
November 2018,14,RIAU,101.80779,0.51272,1403,INDRAGIRI HILIR,Whirlwind,,,,225,,8,,37,
November 2018,32,JAWA BARAT,107.6028,-6.91998,3278,KOTA TASIKMALAYA,Landslide,,,,,,2,,,
November 2018,63,KALIMANTAN SELATAN,115.44063,-3.01217,6309,TABALONG,Flood,,,,,,,,8,
November 2018,35,JAWA TIMUR,112.59767,-7.94595,3508,LUMAJANG,Flood,,,,1654,,,,,533
November 2018,35,JAWA TIMUR,112.59767,-7.94595,3510,BANYUWANGI,Flood,,,,2780,,,,,556
November 2018,36,BANTEN,106.10883,-6.45625,3604,SERANG,Whirlwind,,,,3,,,1,,
November 2018,61,KALIMANTAN BARAT,111.12557,-0.08443,6171,KOTA PONTIANAK,Whirlwind,,,,,,5,,14,
November 2018,35,JAWA TIMUR,112.59767,-7.94595,3525,GRESIK,Whirlwind,,,,,,,,174,
November 2018,64,KALIMANTAN TIMUR,116.4743,0.46538,6403,KUTAI KERTANEGARA,Landslide,,,,58,,5,,,
November 2018,33,JAWA TENGAH,110.20062,-7.25939,3306,PURWOREJO,Landslide,,,,,,1,,,
November 2018,33,JAWA TENGAH,110.20062,-7.25939,3319,KUDUS,Landslide,,,,,,,1,,
November 2018,35,JAWA TIMUR,112.59767,-7.94595,3501,PACITAN,Landslide,,,,,,,,2,
November 2018,35,JAWA TIMUR,112.59767,-7.94595,3509,JEMBER,Flood,,,,13,,,,,6
November 2018,35,JAWA TIMUR,112.59767,-7.94595,3525,GRESIK,Whirlwind,,4,,,,,,,
November 2018,12,SUMATERA UTARA,99.05314,2.19191,1213,LANGKAT,Landslide,1,2,,,,,,,
November 2018,12,SUMATERA UTARA,99.05314,2.19191,1203,TAPANULI SELATAN,Flood,,3,2,2,,,,,
November 2018,32,JAWA BARAT,107.6028,-6.91998,3201,BOGOR,Landslide,,,,,,1,7,5,
November 2018,33,JAWA TENGAH,110.20062,-7.25939,3504,TULUNGAGUNG,Landslide,,,,,,1,,,
November 2018,35,JAWA TIMUR,112.59767,-7.94595,3501,PACITAN,Landslide,,,,,,,4,,
November 2018,35,JAWA TIMUR,112.59767,-7.94595,3507,MALANG,Landslide,,,,,,,1,,
November 2018,64,KALIMANTAN TIMUR,116.4743,0.46538,6409,PENAJAM PASER UTARA,Flood,,,,675,,,,,123
November 2018,35,JAWA TIMUR,112.59767,-7.94595,3579,KOTA BATU,Whirlwind,,,,,,,2,,
November 2018,82,MALUKU UTARA,127.63524,0.70616,8271,KOTA TERNATE,Landslide,,,,,,,1,,
November 2018,33,JAWA TENGAH,110.20062,-7.25939,3308,MAGELANG,Landslide,,,,3,,,,1,
November 2018,33,JAWA TENGAH,110.20062,-7.25939,3312,WONOGIRI,Whirlwind,,,,,,,2,,
November 2018,33,JAWA TENGAH,110.20062,-7.25939,3329,BREBES,Landslide,,,,,,,,1,
November 2018,11,ACEH,96.91028,4.2251,1106,ACEH TENGAH,Flood,,,,,,,,,19
November 2018,35,JAWA TIMUR,112.59767,-7.94595,3502,PONOROGO,Landslide,,,,,,,1,,
November 2018,35,JAWA TIMUR,112.59767,-7.94595,3503,TRENGGALEK,Flood,,,,,,,,,276
November 2018,35,JAWA TIMUR,112.59767,-7.94595,3504,TULUNGAGUNG,Landslide,,,,,,,4,1,
November 2018,33,JAWA TENGAH,110.20062,-7.25939,3374,KOTA SEMARANG,Landslide,,,,,,,2,,
November 2018,11,ACEH,96.91028,4.2251,1104,ACEH TENGGARA,Flood,,,,444,,,,,85
November 2018,32,JAWA BARAT,107.6028,-6.91998,3201,BOGOR,Whirlwind,,1,,,3,1,,,
December 2018,32,JAWA BARAT,107.6028,-6.91998,3204,BANDUNG,Landslide,,,,,,,2,,
December 2018,71,SULAWESI UTARA,124.7604,1.17385,7102,MINAHASA,Landslide,,,,,,,,2,
December 2018,11,ACEH,96.91028,4.2251,1175,KOTA SUBULUSSALAM,Flood,,,,10620,,1,,,1338
December 2018,73,SULAWESI SELATAN,119.96738,-4.7654,7318,TANA TORAJA,Landslide,,,,,,,1,,
December 2018,18,LAMPUNG,105.02009,-4.91748,1802,TANGGAMUS,Flood,,,,,,,,,2000
December 2018,12,SUMATERA UTARA,99.05314,2.19191,1211,KARO,Landslide,7,9,,,,,,,
December 2018,11,ACEH,96.91028,4.2251,1107,ACEH BARAT,Flood,,,,15309,,,,,4653
December 2018,33,JAWA TENGAH,110.20062,-7.25939,3315,GROBOGAN,Flood,1,,,20730,,13,,,1922
December 2018,35,JAWA TIMUR,112.59767,-7.94595,3573,KOTA MALANG,Flood,,,,,,,,,1
December 2018,11,ACEH,96.91028,4.2251,1103,ACEH SELATAN,Flood,,,,599,,,,,147
December 2018,34,DI YOGYAKARTA,110.4458,-7.89495,3404,SLEMAN,Landslide,,,,15,,1,2,,
December 2018,34,DI YOGYAKARTA,110.4458,-7.89495,3471,KOTA YOGYAKARTA,Flood,,,,244,,,,,61
December 2018,32,JAWA BARAT,107.6028,-6.91998,3208,KUNINGAN,Landslide,,,,10,,,,,
December 2018,35,JAWA TIMUR,112.59767,-7.94595,3502,PONOROGO,Landslide,,,,,,,,1,
December 2018,33,JAWA TENGAH,110.20062,-7.25939,3374,KOTA SEMARANG,Flood,,,,5,,1,,,
December 2018,32,JAWA BARAT,107.6028,-6.91998,3203,CIANJUR,Flood,,,,,,,,,
December 2018,33,JAWA TENGAH,110.20062,-7.25939,3374,KOTA SEMARANG,Landslide,,,,5,,2,1,,
December 2018,61,KALIMANTAN BARAT,111.12557,-0.08443,6103,LANDAK,Flood,,,,4176,25,,,,
December 2018,33,JAWA TENGAH,110.20062,-7.25939,3301,CILACAP,Whirlwind,,,,,,,1,,
December 2018,33,JAWA TENGAH,110.20062,-7.25939,3316,BLORA,Landslide,,,,,,,,1,
December 2018,33,JAWA TENGAH,110.20062,-7.25939,3302,BANYUMAS,Landslide,,,,,15,,,19,
December 2018,15,JAMBI,102.71981,-1.69842,1505,MUARO JAMBI,Flood,,,,,,,1,1,712
December 2018,51,BALI,115.13213,-8.36978,5103,BADUNG,Landslide,,,,,,,,1,
December 2018,35,JAWA TIMUR,112.59767,-7.94595,3513,PROBOLINGGO,Landslide,,,,,,1,,,
December 2018,35,JAWA TIMUR,112.59767,-7.94595,3505,BLITAR,Whirlwind,,1,,,,,,,
December 2018,35,JAWA TIMUR,112.59767,-7.94595,3509,JEMBER,Whirlwind,,,,,,1,,,
December 2018,15,JAMBI,102.71981,-1.69842,1501,KERINCI,Whirlwind,,,,,,,1,7,
December 2018,33,JAWA TENGAH,110.20062,-7.25939,3374,KOTA SEMARANG,Whirlwind,,,,5,,2,,,
December 2018,33,JAWA TENGAH,110.20062,-7.25939,3301,CILACAP,Flood,,,,13765,67,,,,
December 2018,35,JAWA TIMUR,112.59767,-7.94595,3503,TRENGGALEK,Landslide,,,,45,,,11,2,
December 2018,33,JAWA TENGAH,110.20062,-7.25939,3324,KENDAL,Landslide,,,,,,2,,,
December 2018,33,JAWA TENGAH,110.20062,-7.25939,3309,BOYOLALI,Whirlwind,,,,,,13,18,54,
December 2018,33,JAWA TENGAH,110.20062,-7.25939,3301,CILACAP,Landslide,,,,,,,1,,
December 2018,33,JAWA TENGAH,110.20062,-7.25939,3306,PURWOREJO,Landslide,,,,,,,1,,
December 2018,32,JAWA BARAT,107.6028,-6.91998,3204,BANDUNG,Flood,,,,,,,,,
December 2018,51,BALI,115.13213,-8.36978,5105,KLUNGKUNG,Whirlwind,,,,,,1,,9,
December 2018,33,JAWA TENGAH,110.20062,-7.25939,3304,BANJARNEGARA,Whirlwind,,,,,,,1,,
December 2018,33,JAWA TENGAH,110.20062,-7.25939,3318,PATI,Flood,,,,,,,,,
December 2018,33,JAWA TENGAH,110.20062,-7.25939,3329,BREBES,Landslide,,,,,,,,,
December 2018,35,JAWA TIMUR,112.59767,-7.94595,3504,TULUNGAGUNG,Whirlwind,,,,15,,,,22,
December 2018,35,JAWA TIMUR,112.59767,-7.94595,3513,PROBOLINGGO,Whirlwind,,,,,,1,,,
December 2018,35,JAWA TIMUR,112.59767,-7.94595,3577,KOTA MADIUN,Whirlwind,,,,,,,,1,
December 2018,35,JAWA TIMUR,112.59767,-7.94595,3509,JEMBER,Whirlwind,,1,,,,,,,
December 2018,35,JAWA TIMUR,112.59767,-7.94595,3328,TEGAL,Landslide,,,,,,,1,,
December 2018,35,JAWA TIMUR,112.59767,-7.94595,3512,SITUBONDO,Whirlwind,,,,,,1,,,
December 2018,33,JAWA TENGAH,110.20062,-7.25939,3374,KOTA SEMARANG,Landslide,,,,3,,,,1,
December 2018,33,JAWA TENGAH,110.20062,-7.25939,3326,PEKALONGAN,Landslide,,,,,,,1,,
December 2018,34,DI YOGYAKARTA,110.4458,-7.89495,3403,GUNUNGKIDUL,Whirlwind,,,,30,,,,7,
December 2018,14,RIAU,101.80779,0.51272,1407,ROKAN HULU,Flood,,,,780,,,,,
December 2018,52,NUSA TENGGARA BARAT,117.50748,-8.60668,5201,LOMBOK BARAT,Earthquake,,7,,,,,,,
December 2018,52,NUSA TENGGARA BARAT,117.50748,-8.60668,5208,LOMBOK UTARA,Earthquake,,4,,,,,,,
December 2018,32,JAWA BARAT,107.6028,-6.91998,3271,KOTA BOGOR,Whirlwind,1,3,,,942,400,600,700,
December 2018,11,ACEH,96.91028,4.2251,1110,BIREUEN,Flood,,,,,381,1,3,,
December 2018,62,KALIMANTAN TENGAH,113.42482,-1.60397,6201,KOTAWARINGIN BARAT,Flood,,,,700,,,,,143
December 2018,62,KALIMANTAN TENGAH,113.42482,-1.60397,6207,LAMANDAU,Flood,,,,,,,,,7
December 2018,33,JAWA TENGAH,110.20062,-7.25939,3328,TEGAL,Flood,,1,,,,1,,20,
December 2018,33,JAWA TENGAH,110.20062,-7.25939,3374,KOTA SEMARANG,Flood,,,,,,,,,
December 2018,35,JAWA TIMUR,112.59767,-7.94595,3502,PONOROGO,Landslide,,,,,,,,1,
December 2018,52,NUSA TENGGARA BARAT,117.50748,-8.60668,5204,SUMBAWA,Flood,,,,6798,,1,,,60
December 2018,52,NUSA TENGGARA BARAT,117.50748,-8.60668,5272,KOTA BIMA,Flood,,,,,,,,,126
December 2018,52,NUSA TENGGARA BARAT,117.50748,-8.60668,5205,DOMPU,Flood,,,,,,4,1,4,120
December 2018,11,ACEH,96.91028,4.2251,1106,ACEH TENGAH,Landslide,,,,,100,,3,,
December 2018,33,JAWA TENGAH,110.20062,-7.25939,3328,TEGAL,Whirlwind,,1,,,,1,3,20,
December 2018,35,JAWA TIMUR,112.59767,-7.94595,3502,PONOROGO,Whirlwind,,,,5,,1,,,
December 2018,16,SUMATERA SELATAN,104.17052,-3.21413,1606,MUSI BANYU ASIN,Flood,,,,1,,1,,,
December 2018,32,JAWA BARAT,107.6028,-6.91998,3202,SUKABUMI,Landslide,1,,,,,,,,
December 2018,32,JAWA BARAT,107.6028,-6.91998,3271,KOTA BOGOR,Landslide,,,,4,,,1,,
December 2018,33,JAWA TENGAH,110.20062,-7.25939,3308,MAGELANG,Whirlwind,,,,4,,,,2,
December 2018,35,JAWA TIMUR,112.59767,-7.94595,3501,PACITAN,Flood,4,,,,236,1,1,3,
December 2018,32,JAWA BARAT,107.6028,-6.91998,3206,TASIKMALAYA,Whirlwind,,,,50,,,,10,
December 2018,32,JAWA BARAT,107.6028,-6.91998,3217,BANDUNG BARAT,Landslide,,,,3,,,1,,
December 2018,35,JAWA TIMUR,112.59767,-7.94595,3503,TRENGGALEK,Landslide,,,,,,,2,,
December 2018,13,SUMATERA BARAT,100.4671,-0.85066,1304,SIJUNJUNG,Flood,,,,,,5,,8,21
December 2018,33,JAWA TENGAH,110.20062,-7.25939,3301,CILACAP,Whirlwind,,,,,,,1,,
December 2018,51,BALI,115.13213,-8.36978,5104,GIANYAR,Landslide,4,1,,,,1,,,
December 2018,35,JAWA TIMUR,112.59767,-7.94595,3523,TUBAN,Whirlwind,1,,,,,50,,,
December 2018,81,MALUKU,129.22201,-3.12833,8107,SERAM BAGIAN TIMUR,Flood,,,,,,,,,100
December 2018,33,JAWA TENGAH,110.20062,-7.25939,3320,JEPARA,Whirlwind,,,,,,,15,,
December 2018,31,DKI JAKARTA,106.83439,-6.2003,3175,KOTA JAKARTA UTARA,Flood,,,,,,,,,100
December 2018,33,JAWA TENGAH,110.20062,-7.25939,3305,KEBUMEN,Landslide,,,,,,3,7,5,
December 2018,33,JAWA TENGAH,110.20062,-7.25939,3305,KEBUMEN,Flood,,,,,5,,2,,15
December 2018,33,JAWA TENGAH,110.20062,-7.25939,3305,KEBUMEN,Whirlwind,,,,,,2,1,,
December 2018,33,JAWA TENGAH,110.20062,-7.25939,3318,PATI,Flood,,,,,,,,,300
December 2018,33,JAWA TENGAH,110.20062,-7.25939,3374,KOTA SEMARANG,Flood,,,,242,,,,,51
December 2018,35,JAWA TIMUR,112.59767,-7.94595,3529,SUMENEP,Whirlwind,,,,,,,,11,
December 2018,35,JAWA TIMUR,112.59767,-7.94595,3522,BOJONEGORO,Flood,,,,,,,,,10
December 2018,35,JAWA TIMUR,112.59767,-7.94595,3522,BOJONEGORO,Whirlwind,,,,,,,,4,
December 2018,35,JAWA TIMUR,112.59767,-7.94595,3519,MADIUN,Whirlwind,,1,,,,,2,,
December 2018,35,JAWA TIMUR,112.59767,-7.94595,3507,MALANG,Whirlwind,,,,,,,3,4,
December 2018,35,JAWA TIMUR,112.59767,-7.94595,3503,TRENGGALEK,Landslide,,,,,,,,3,
December 2018,35,JAWA TIMUR,112.59767,-7.94595,3507,MALANG,Landslide,,,,,,,,1,
December 2018,63,KALIMANTAN SELATAN,115.44063,-3.01217,6303,BANJAR,Whirlwind,,,,12,,,,4,
December 2018,32,JAWA BARAT,107.6028,-6.91998,3202,SUKABUMI,Whirlwind,,,,20,,,4,,
December 2018,32,JAWA BARAT,107.6028,-6.91998,3211,SUMEDANG,Whirlwind,,,,8,,,,5,
December 2018,33,JAWA TENGAH,110.20062,-7.25939,3374,KOTA SEMARANG,Landslide,,,,,,,,1,
December 2018,33,JAWA TENGAH,110.20062,-7.25939,3374,KOTA SEMARANG,Whirlwind,,,,,,1,,,
December 2018,34,DI YOGYAKARTA,110.4458,-7.89495,3401,KULONPROGO,Landslide,,,,4,,,1,,
December 2018,82,MALUKU UTARA,127.63524,0.70616,8204,HALMAHERA SELATAN,Flood,,,,,15,2,,,
December 2018,12,SUMATERA UTARA,99.05314,2.19191,1207,LABUHAN BATU,Flood,,,1,,,,,,4266
December 2018,71,SULAWESI UTARA,124.7604,1.17385,7102,MINAHASA,Landslide,,,,15,8,,,5,
December 2018,51,BALI,115.13213,-8.36978,5103,BADUNG,Flood,,1,,,,,,,3
December 2018,75,GORONTALO,122.37605,0.68682,7502,GORONTALO,Flood,,,1,158,,,,,34
December 2018,16,SUMATERA SELATAN,104.17052,-3.21413,1606,MUSI BANYU ASIN,Flood,,,,1250,,,,,
December 2018,33,JAWA TENGAH,110.20062,-7.25939,3302,BANYUMAS,Landslide,,,,9,,,,3,
December 2018,17,BENGKULU,102.33675,-3.55258,1771,KOTA BENGKULU,Flood,,,,,,,,,300
December 2018,74,SULAWESI TENGGARA,122.07208,-4.12542,7405,KONAWE SELATAN,Whirlwind,,,,20,9,6,,,
December 2018,35,JAWA TIMUR,112.59767,-7.94595,3518,NGANJUK,Flood,,,,34,,,1,,10
December 2018,33,JAWA TENGAH,110.20062,-7.25939,3316,BLORA,Whirlwind,,2,,,,2,,,
December 2018,13,SUMATERA BARAT,100.4671,-0.85066,1375,KOTA BUKITTINGGI,Landslide,,,,,,,,,
December 2018,36,BANTEN,106.10883,-6.45625,3604,SERANG,Whirlwind,,,,55,,1,5,8,
December 2018,35,JAWA TIMUR,112.59767,-7.94595,3573,KOTA MALANG,Flood,,,,,,,,,2
December 2018,13,SUMATERA BARAT,100.4671,-0.85066,1306,PADANG PARIAMAN,Flood,,,,,68,1,,,70
December 2018,32,JAWA BARAT,107.6028,-6.91998,3203,CIANJUR,Whirlwind,,,,,,,95,,
December 2018,35,JAWA TIMUR,112.59767,-7.94595,3513,PROBOLINGGO,Flood,2,,,,,,64,,
December 2018,35,JAWA TIMUR,112.59767,-7.94595,3509,JEMBER,Flood,,,,12,,,2,,
December 2018,33,JAWA TENGAH,110.20062,-7.25939,3374,KOTA SEMARANG,Flood,,,,262,,,,,40
December 2018,35,JAWA TIMUR,112.59767,-7.94595,3518,NGANJUK,Flood,,,,,,,1,,10
December 2018,63,KALIMANTAN SELATAN,115.44063,-3.01217,6303,BANJAR,Whirlwind,,,,,,,8,,
December 2018,33,JAWA TENGAH,110.20062,-7.25939,3318,PATI,Whirlwind,,,,5,,1,,,
December 2018,33,JAWA TENGAH,110.20062,-7.25939,3322,SEMARANG,Whirlwind,,,,25,,,,5,
December 2018,61,KALIMANTAN BARAT,111.12557,-0.08443,6110,MELAWI,Landslide,,,,10,,1,1,,
December 2018,36,BANTEN,106.10883,-6.45625,3604,SERANG,Whirlwind,,,,,2,1,,,
December 2018,11,ACEH,96.91028,4.2251,1107,ACEH BARAT,Flood,,,,,,,,,
December 2018,33,JAWA TENGAH,110.20062,-7.25939,3327,PEMALANG,Whirlwind,,,,,,,2,25,
December 2018,35,JAWA TIMUR,112.59767,-7.94595,3502,PONOROGO,Landslide,,,,10,,,,2,
December 2018,72,SULAWESI TENGAH,121.55683,-1.41749,7210,SIGI,Flood,,18,,,427,,,81,
December 2018,33,JAWA TENGAH,110.20062,-7.25939,3301,CILACAP,Whirlwind,,,,,5,1,,,
December 2018,64,KALIMANTAN TIMUR,116.4743,0.46538,6403,KUTAI KERTANEGARA,Whirlwind,,,,15,,,,3,
December 2018,51,BALI,115.13213,-8.36978,5101,JEMBRANA,Whirlwind,,,,5,,1,,,
December 2018,11,ACEH,96.91028,4.2251,1104,ACEH TENGGARA,Flood,,,,280,,3,,,
December 2018,35,JAWA TIMUR,112.59767,-7.94595,3518,NGANJUK,Whirlwind,,1,,15,,2,,1,
December 2018,33,JAWA TENGAH,110.20062,-7.25939,3307,WONOSOBO,Landslide,,,,,,,,7,
December 2018,13,SUMATERA BARAT,100.4671,-0.85066,1306,PADANG PARIAMAN,Whirlwind,,,,,,,,1,
December 2018,12,SUMATERA UTARA,99.05314,2.19191,1206,TOBA SAMOSIR,Landslide,9,3,1,,,4,,,
December 2018,35,JAWA TIMUR,112.59767,-7.94595,3517,JOMBANG,Whirlwind,,4,,,,,,9,
December 2018,35,JAWA TIMUR,112.59767,-7.94595,3524,LAMONGAN,Whirlwind,,,,16,,,4,,
December 2018,36,BANTEN,106.10883,-6.45625,3604,SERANG,Whirlwind,,,,1,,1,,,
December 2018,35,JAWA TIMUR,112.59767,-7.94595,3518,NGANJUK,Whirlwind,,,,2,,1,,,
December 2018,11,ACEH,96.91028,4.2251,1110,BIREUEN,Flood,,,,,2500,,,,
December 2018,32,JAWA BARAT,107.6028,-6.91998,3217,BANDUNG BARAT,Landslide,,,,,,1,,,
December 2018,73,SULAWESI SELATAN,119.96738,-4.7654,7318,TANA TORAJA,Landslide,,1,,2,,1,,,
December 2018,33,JAWA TENGAH,110.20062,-7.25939,3307,WONOSOBO,Whirlwind,,,,,,,,1,
December 2018,32,JAWA BARAT,107.6028,-6.91998,3271,KOTA BOGOR,Flood,,4,,66,,1,4,10,
December 2018,13,SUMATERA BARAT,100.4671,-0.85066,1371,KOTA PADANG,Landslide,1,4,,,,,,,
December 2018,35,JAWA TIMUR,112.59767,-7.94595,3516,MOJOKERTO,Flood,,,,,,,,,30
December 2018,32,JAWA BARAT,107.6028,-6.91998,3208,KUNINGAN,Whirlwind,,,,,,,,1,
December 2018,32,JAWA BARAT,107.6028,-6.91998,3211,SUMEDANG,Landslide,,,,,,,1,,
December 2018,62,KALIMANTAN TENGAH,113.42482,-1.60397,6202,KOTAWARINGIN TIMUR,Flood,,,,,,,,,100
December 2018,11,ACEH,96.91028,4.2251,1113,GAYO LUES,Flood,,,,,613,38,10,71,
December 2018,11,ACEH,96.91028,4.2251,1103,ACEH SELATAN,Flood,,,,2671,402,,,,285
December 2018,12,SUMATERA UTARA,99.05314,2.19191,1203,TAPANULI SELATAN,Flood,,,,1860,,,,,235
December 2018,35,JAWA TIMUR,112.59767,-7.94595,3509,JEMBER,Whirlwind,,1,,8,,2,1,,
December 2018,35,JAWA TIMUR,112.59767,-7.94595,3523,TUBAN,Whirlwind,,,,15,,,1,2,
December 2018,33,JAWA TENGAH,110.20062,-7.25939,3374,KOTA SEMARANG,Flood,,,,900,,,,,300
December 2018,32,JAWA BARAT,107.6028,-6.91998,3202,SUKABUMI,Whirlwind,,,,,,,1,,
December 2018,32,JAWA BARAT,107.6028,-6.91998,3273,KOTA BANDUNG,Landslide,,,,,,,1,,
December 2018,33,JAWA TENGAH,110.20062,-7.25939,3323,TEMANGGUNG,Landslide,,,,,,,1,,
December 2018,33,JAWA TENGAH,110.20062,-7.25939,3307,WONOSOBO,Landslide,,1,,,,1,,,
December 2018,33,JAWA TENGAH,110.20062,-7.25939,3314,SRAGEN,Whirlwind,,,,,,1,,,
December 2018,15,JAMBI,102.71981,-1.69842,1504,BATANGHARI,Flood,3,2,,114990,,,,,
December 2018,11,ACEH,96.91028,4.2251,1111,ACEH UTARA,Flood,,,,410,140,,,,
December 2018,61,KALIMANTAN BARAT,111.12557,-0.08443,6105,SANGGAU,Whirlwind,,,,5,,1,,,
December 2018,33,JAWA TENGAH,110.20062,-7.25939,3314,SRAGEN,Whirlwind,,,,10,,,,2,
December 2018,81,MALUKU,129.22201,-3.12833,8102,MALUKU TENGGARA,Whirlwind,,,,,17,,,9,
December 2018,32,JAWA BARAT,107.6028,-6.91998,3277,KOTA CIMAHI,Flood,,,,420,,,,,105
December 2018,35,JAWA TIMUR,112.59767,-7.94595,3515,SIDOARJO,Whirlwind,,,,,,,,44,
December 2018,33,JAWA TENGAH,110.20062,-7.25939,3312,WONOGIRI,Landslide,,,,,,1,,,
December 2018,35,JAWA TIMUR,112.59767,-7.94595,3502,PONOROGO,Landslide,,,,,,,,4,
December 2018,35,JAWA TIMUR,112.59767,-7.94595,3509,JEMBER,Landslide,,,,,,3,1,,
December 2018,33,JAWA TENGAH,110.20062,-7.25939,3313,KARANGANYAR,Landslide,,,,,,,,12,
December 2018,35,JAWA TIMUR,112.59767,-7.94595,3509,JEMBER,Landslide,,,,,,,,1,
December 2018,11,ACEH,96.91028,4.2251,1110,BIREUEN,Flood,,,,,2763,3,,8,
December 2018,32,JAWA BARAT,107.6028,-6.91998,3204,BANDUNG,Landslide,,,,,,,1,,
December 2018,71,SULAWESI UTARA,124.7604,1.17385,7109,MINAHASA TENGGARA,Volcano Eruption,,,,,,,,,
December 2018,81,MALUKU,129.22201,-3.12833,8104,BURU,Whirlwind,,,,,,1,,15,
December 2018,32,JAWA BARAT,107.6028,-6.91998,3201,BOGOR,Whirlwind,,,,4,,,1,,
December 2018,73,SULAWESI SELATAN,119.96738,-4.7654,7313,WAJO,Earthquake,,,,,,,,1,
December 2018,14,RIAU,101.80779,0.51272,1404,PELALAWAN,Flood,,,,12575,1025,,,,1083
December 2018,82,MALUKU UTARA,127.63524,0.70616,8204,HALMAHERA SELATAN,Landslide,,,,,,1,,,
December 2018,32,JAWA BARAT,107.6028,-6.91998,3271,KOTA BOGOR,Whirlwind,,,,5,,,1,,
December 2018,35,JAWA TIMUR,112.59767,-7.94595,3523,TUBAN,Whirlwind,,,,,,,2,,
December 2018,73,SULAWESI SELATAN,119.96738,-4.7654,7313,WAJO,Earthquake,,,,,35,,,3,
December 2018,35,JAWA TIMUR,112.59767,-7.94595,3512,SITUBONDO,Whirlwind,,,,,,,1,,
December 2018,12,SUMATERA UTARA,99.05314,2.19191,1210,DAIRI,Flood,3,,4,,,,,,
December 2018,11,ACEH,96.91028,4.2251,1108,ACEH BESAR,Flood,,,,,,,,,50
December 2018,32,JAWA BARAT,107.6028,-6.91998,3208,KUNINGAN,Landslide,,,,3,,,,,
December 2018,73,SULAWESI SELATAN,119.96738,-4.7654,7318,TANA TORAJA,Landslide,,,,19,,,,,
December 2018,73,SULAWESI SELATAN,119.96738,-4.7654,7309,PANGKAJENE KEPULAUAN,Whirlwind,,,,75,,,15,,
December 2018,32,JAWA BARAT,107.6028,-6.91998,3271,KOTA BOGOR,Landslide,,,,11,,1,,,
December 2018,32,JAWA BARAT,107.6028,-6.91998,3271,KOTA BOGOR,Whirlwind,,,,11,,,3,,
December 2018,35,JAWA TIMUR,112.59767,-7.94595,3507,MALANG,Flood,,,,99,,,,,22
December 2018,33,JAWA TENGAH,110.20062,-7.25939,3320,JEPARA,Whirlwind,,,,,,1,,,
December 2018,11,ACEH,96.91028,4.2251,1117,BENER MERIAH,Flood,,,,10,,2,,,1
December 2018,33,JAWA TENGAH,110.20062,-7.25939,3404,SLEMAN,Volcano Eruption,,,,,,,,,
December 2018,33,JAWA TENGAH,110.20062,-7.25939,3314,SRAGEN,Whirlwind,,,,,,1,,2,
December 2018,36,BANTEN,106.10883,-6.45625,3601,PANDEGLANG,Tsunami,296,7656,8,,28139,942,,70,
December 2018,36,BANTEN,106.10883,-6.45625,3604,SERANG,Tsunami,21,2395,,,4820,41,,,
December 2018,18,LAMPUNG,105.02009,-4.91748,1803,LAMPUNG SELATAN,Tsunami,118,4007,8,,7942,543,70,947,
December 2018,18,LAMPUNG,105.02009,-4.91748,1802,TANGGAMUS,Tsunami,1,,,,,4,,,
December 2018,18,LAMPUNG,105.02009,-4.91748,1809,PESAWARAN,Tsunami,1,1,,,231,53,,82,
December 2018,51,BALI,115.13213,-8.36978,5101,JEMBRANA,Flood,,5,,225,12,,,,60
December 2018,17,BENGKULU,102.33675,-3.55258,1705,SELUMA,Landslide,,1,,,,,,,
December 2018,35,JAWA TIMUR,112.59767,-7.94595,3529,SUMENEP,Whirlwind,,,,,,,1,16,
December 2018,35,JAWA TIMUR,112.59767,-7.94595,3509,JEMBER,Flood,,,,1460,,,,,579
December 2018,35,JAWA TIMUR,112.59767,-7.94595,3508,LUMAJANG,Flood,,,,4715,,,,,
December 2018,35,JAWA TIMUR,112.59767,-7.94595,3509,JEMBER,Landslide,,,,,,1,4,,
December 2018,35,JAWA TIMUR,112.59767,-7.94595,3573,KOTA MALANG,Landslide,,,,,,,,1,
December 2018,18,LAMPUNG,105.02009,-4.91748,1803,LAMPUNG SELATAN,Volcano Eruption,,,,,,,,,
December 2018,32,JAWA BARAT,107.6028,-6.91998,3208,KUNINGAN,Whirlwind,,,,,,,,,
December 2018,33,JAWA TENGAH,110.20062,-7.25939,3328,TEGAL,Whirlwind,,,,5,,1,,,
December 2018,35,JAWA TIMUR,112.59767,-7.94595,3523,TUBAN,Whirlwind,,,,,,2,,200,
December 2018,35,JAWA TIMUR,112.59767,-7.94595,3509,JEMBER,Flood,,,,,,,,,400
December 2018,63,KALIMANTAN SELATAN,115.44063,-3.01217,6301,TANAH LAUT,Flood,,,,90,,,,,26
December 2018,33,JAWA TENGAH,110.20062,-7.25939,3316,BLORA,Flood,,,,250,,,,,50
December 2018,71,SULAWESI UTARA,124.7604,1.17385,7101,BOLAANG MONGONDOW,Whirlwind,,,,5,,,,1,
December 2018,33,JAWA TENGAH,110.20062,-7.25939,3307,WONOSOBO,Flood,,,,250,,,,,
December 2018,36,BANTEN,106.10883,-6.45625,3602,LEBAK,Flood,,,,,,,,,131
December 2018,36,BANTEN,106.10883,-6.45625,3604,SERANG,Flood,,,,,,,,,59
December 2018,33,JAWA TENGAH,110.20062,-7.25939,3302,BANYUMAS,Landslide,,,,,,3,,,
December 2018,35,JAWA TIMUR,112.59767,-7.94595,3522,BOJONEGORO,Flood,,,,60,,,,,12
December 2018,35,JAWA TIMUR,112.59767,-7.94595,3524,LAMONGAN,Whirlwind,,,,,,,,,
December 2018,33,JAWA TENGAH,110.20062,-7.25939,3374,KOTA SEMARANG,Flood,,,,,,,,,1
December 2018,33,JAWA TENGAH,110.20062,-7.25939,3306,PURWOREJO,Landslide,,,,,,,1,,
December 2018,33,JAWA TENGAH,110.20062,-7.25939,3308,MAGELANG,Landslide,,,,,3,,,,
December 2018,33,JAWA TENGAH,110.20062,-7.25939,3374,KOTA SEMARANG,Landslide,,,,,,1,,,
December 2018,36,BANTEN,106.10883,-6.45625,3604,SERANG,Flood,,,,1658,160,,,,200
December 2018,33,JAWA TENGAH,110.20062,-7.25939,3323,TEMANGGUNG,Landslide,1,,,,,,,,
December 2018,35,JAWA TIMUR,112.59767,-7.94595,3522,BOJONEGORO,Flood,,,,,,,,,
December 2018,94,PAPUA,138.50228,-3.94094,9420,KEEROM,Flood,,,,,,,,,100
December 2018,64,KALIMANTAN TIMUR,116.4743,0.46538,6409,PENAJAM PASER UTARA,Whirlwind,,,,10,,,2,,
December 2018,11,ACEH,96.91028,4.2251,1104,ACEH TENGGARA,Flood,,,,,22,2,2,10,104
December 2018,36,BANTEN,106.10883,-6.45625,3604,SERANG,Whirlwind,,,,,,,,,
December 2018,71,SULAWESI UTARA,124.7604,1.17385,7105,MINAHASA SELATAN,Whirlwind,,,,,,3,,,
December 2018,33,JAWA TENGAH,110.20062,-7.25939,3324,KENDAL,Whirlwind,,,,,,,1,51,
December 2018,32,JAWA BARAT,107.6028,-6.91998,3201,BOGOR,Whirlwind,,,,40,9,,1,7,
December 2018,73,SULAWESI SELATAN,119.96738,-4.7654,7301,SELAYAR,Whirlwind,,,,,,,14,,
December 2018,91,PAPUA BARAT,133.11628,-1.64237,9105,MANOKWARI,Earthquake,,,,,,,,,
December 2018,73,SULAWESI SELATAN,119.96738,-4.7654,7310,BARRU,Flood,2,,,,,13,3,4,2000
December 2018,73,SULAWESI SELATAN,119.96738,-4.7654,7308,MAROS,Whirlwind,,,,10,,,2,,
December 2018,73,SULAWESI SELATAN,119.96738,-4.7654,7314,SIDENRENG RAPPANG,Whirlwind,,,,,,,,7,
December 2018,73,SULAWESI SELATAN,119.96738,-4.7654,7312,SOPPENG,Flood,,,,,,,,,
December 2018,35,JAWA TIMUR,112.59767,-7.94595,3522,BOJONEGORO,Flood,,,,250,,,,,50
December 2018,73,SULAWESI SELATAN,119.96738,-4.7654,7315,PINRANG,Landslide,,,,20,,3,,1,
December 2018,11,ACEH,96.91028,4.2251,1104,ACEH TENGGARA,Flood,,,,4249,,26,5,1,11
December 2018,73,SULAWESI SELATAN,119.96738,-4.7654,7313,WAJO,Whirlwind,,,,,,,,,
December 2018,35,JAWA TIMUR,112.59767,-7.94595,3503,TRENGGALEK,Whirlwind,,,,,,,,1,
December 2018,33,JAWA TENGAH,110.20062,-7.25939,3308,MAGELANG,Whirlwind,,,,,,,,1,
December 2018,33,JAWA TENGAH,110.20062,-7.25939,3302,BANYUMAS,Landslide,,,,12,,,2,,
December 2018,61,KALIMANTAN BARAT,111.12557,-0.08443,6110,MELAWI,Whirlwind,,,,,,102,15,87,
December 2018,33,JAWA TENGAH,110.20062,-7.25939,3312,WONOGIRI,Landslide,,,,,,,1,,
December 2018,33,JAWA TENGAH,110.20062,-7.25939,3308,MAGELANG,Whirlwind,1,2,,,,3,,,
December 2018,32,JAWA BARAT,107.6028,-6.91998,3209,CIREBON,Whirlwind,1,28,,1198,216,6,4,237,
December 2018,33,JAWA TENGAH,110.20062,-7.25939,3301,CILACAP,Whirlwind,,,,,,,,3,
December 2018,32,JAWA BARAT,107.6028,-6.91998,3202,SUKABUMI,Landslide,18,3,15,101,,30,,,
December 2018,33,JAWA TENGAH,110.20062,-7.25939,3306,PURWOREJO,Whirlwind,,,,,,,,1,
December 2018,63,KALIMANTAN SELATAN,115.44063,-3.01217,6302,KOTABARU,Whirlwind,,,,5,,1,,,
December 2018,33,JAWA TENGAH,110.20062,-7.25939,3323,TEMANGGUNG,Whirlwind,,,,,,,,2,
December 2018,33,JAWA TENGAH,110.20062,-7.25939,3325,BATANG,Whirlwind,,,,,,,,9,
December 2018,36,BANTEN,106.10883,-6.45625,3604,SERANG,Flood,,,,223,,,,,68
December 2018,62,KALIMANTAN TENGAH,113.42482,-1.60397,6208,SERUYAN,Flood,,,,1435,80,,,,